experiment_id;sample;sequence;sent_at_ms;rtt_ms;srtt_ms;status
baseline;1;1;200.497;1.268;1.268;received
baseline;2;2;400.187;0.000;1.109;received
baseline;3;3;600.171;0.544;1.039;received
baseline;4;4;800.227;0.134;0.926;received
baseline;5;5;1000.538;0.000;0.810;received
baseline;6;6;1200.091;5.609;1.410;received
baseline;7;7;1400.563;0.674;1.318;received
baseline;8;8;1600.531;0.121;1.168;received
baseline;9;9;1800.155;0.503;1.085;received
baseline;10;10;2000.177;0.709;1.038;received
baseline;11;11;2200.563;0.683;0.994;received
baseline;12;12;2400.385;0.230;0.898;received
baseline;13;13;2600.474;0.773;0.883;received
baseline;14;14;2800.343;0.145;0.790;received
baseline;15;15;3000.204;0.622;0.769;received
baseline;16;16;3200.212;0.000;0.673;received
baseline;17;17;3400.333;0.122;0.604;received
baseline;18;18;3600.561;0.617;0.606;received
baseline;19;19;3800.161;0.159;0.550;received
baseline;20;20;4000.422;0.000;0.481;received
baseline;21;21;4200.610;0.544;0.489;received
baseline;22;22;4400.230;0.000;0.428;received
baseline;23;23;4600.206;5.768;1.096;received
baseline;24;24;4800.388;0.943;1.077;received
baseline;25;25;5000.240;0.851;1.048;received
baseline;26;26;5200.446;0.905;1.031;received
baseline;27;27;5400.425;0.216;0.929;received
baseline;28;28;5600.387;0.876;0.922;received
baseline;29;29;5800.154;0.000;0.807;received
baseline;30;30;6000.530;0.230;0.735;received
baseline;31;31;6200.354;0.146;0.661;received
baseline;32;32;6400.008;0.000;0.578;received
baseline;33;33;6600.436;0.600;0.581;received
baseline;34;34;6800.512;0.596;0.583;received
baseline;35;35;7000.426;0.613;0.587;received
baseline;36;36;7200.068;0.621;0.591;received
baseline;37;37;7400.487;0.626;0.595;received
baseline;38;38;7600.559;0.566;0.592;received
baseline;39;39;7800.461;0.653;0.600;received
baseline;40;40;8000.491;0.639;0.604;received
baseline;41;41;8200.290;0.723;0.619;received
baseline;42;42;8400.434;0.677;0.626;received
baseline;43;43;8600.089;0.671;0.632;received
baseline;44;44;8800.420;1.001;0.678;received
baseline;45;45;9000.769;0.349;0.637;received
baseline;46;46;9200.190;0.644;0.638;received
baseline;47;47;9400.479;0.550;0.627;received
baseline;48;48;9600.427;0.672;0.633;received
baseline;49;49;9800.091;0.133;0.570;received
baseline;50;50;10000.514;0.647;0.580;received
delay_50;1;1;200.249;51.037;51.037;received
delay_50;2;2;400.340;50.612;50.983;received
delay_50;3;3;600.047;50.670;50.944;received
delay_50;4;4;800.445;50.841;50.931;received
delay_50;5;5;1000.856;50.577;50.887;received
delay_50;6;6;1200.223;50.801;50.876;received
delay_50;7;7;1400.263;50.594;50.841;received
delay_50;8;8;1600.085;50.741;50.829;received
delay_50;9;9;1800.273;56.850;51.581;received
delay_50;10;10;2000.310;50.809;51.485;received
delay_50;11;11;2200.272;50.730;51.390;received
delay_50;12;12;2400.437;50.665;51.300;received
delay_50;13;13;2600.646;51.449;51.318;received
delay_50;14;14;2800.127;51.034;51.283;received
delay_50;15;15;3000.492;50.505;51.185;received
delay_50;16;16;3200.268;50.835;51.142;received
delay_50;17;17;3400.189;51.065;51.132;received
delay_50;18;18;3600.488;50.991;51.114;received
delay_50;19;19;3800.124;50.752;51.069;received
delay_50;20;20;4000.163;50.334;50.977;received
delay_50;21;21;4200.117;51.311;51.019;received
delay_50;22;22;4400.354;50.920;51.007;received
delay_50;23;23;4600.321;51.094;51.018;received
delay_50;24;24;4800.619;50.772;50.987;received
delay_50;25;25;5000.491;50.955;50.983;received
delay_50;26;26;5200.596;50.858;50.967;received
delay_50;27;27;5400.318;50.769;50.942;received
delay_50;28;28;5600.172;50.844;50.930;received
delay_50;29;29;5800.204;51.006;50.940;received
delay_50;30;30;6000.263;51.108;50.961;received
delay_50;31;31;6200.276;51.025;50.969;received
delay_50;32;32;6400.510;50.614;50.924;received
delay_50;33;33;6600.328;51.063;50.942;received
delay_50;34;34;6800.606;50.534;50.891;received
delay_50;35;35;7000.531;51.056;50.911;received
delay_50;36;36;7200.086;51.155;50.942;received
delay_50;37;37;7400.222;50.706;50.912;received
delay_50;38;38;7600.220;51.178;50.945;received
delay_50;39;39;7800.483;50.624;50.905;received
delay_50;40;40;8000.034;50.653;50.874;received
delay_50;41;41;8200.648;78.108;54.278;received
delay_50;42;42;8400.623;51.108;53.882;received
delay_50;43;43;8600.039;51.040;53.527;received
delay_50;44;44;8800.534;51.284;53.246;received
delay_50;45;45;9000.270;51.172;52.987;received
delay_50;46;46;9200.475;51.178;52.761;received
delay_50;47;47;9400.240;51.127;52.557;received
delay_50;48;48;9600.366;51.240;52.392;received
delay_50;49;49;9800.618;50.224;52.121;received
delay_50;50;50;10000.302;51.150;52.000;received
delay_100;1;1;200.490;101.192;101.192;received
delay_100;2;2;400.518;100.587;101.117;received
delay_100;3;3;600.527;100.835;101.081;received
delay_100;4;4;800.249;100.670;101.030;received
delay_100;5;5;1000.221;100.883;101.012;received
delay_100;6;6;1200.471;100.742;100.978;received
delay_100;7;7;1400.486;100.594;100.930;received
delay_100;8;8;1600.299;101.716;101.028;received
delay_100;9;9;1800.349;100.864;101.008;received
delay_100;10;10;2000.105;101.004;101.007;received
delay_100;11;11;2200.172;100.749;100.975;received
delay_100;12;12;2400.447;101.366;101.024;received
delay_100;13;13;2600.153;100.945;101.014;received
delay_100;14;14;2800.186;100.800;100.987;received
delay_100;15;15;3000.548;101.204;101.014;received
delay_100;16;16;3200.532;100.869;100.996;received
delay_100;17;17;3400.428;100.715;100.961;received
delay_100;18;18;3600.512;100.710;100.930;received
delay_100;19;19;3800.437;100.612;100.890;received
delay_100;20;20;4000.155;100.674;100.863;received
delay_100;21;21;4200.510;101.020;100.883;received
delay_100;22;22;4400.448;100.383;100.820;received
delay_100;23;23;4600.125;100.909;100.831;received
delay_100;24;24;4800.223;100.805;100.828;received
delay_100;25;25;5000.102;100.606;100.800;received
delay_100;26;26;5200.314;101.280;100.860;received
delay_100;27;27;5400.348;100.727;100.843;received
delay_100;28;28;5600.127;100.994;100.862;received
delay_100;29;29;5800.254;100.944;100.872;received
delay_100;30;30;6000.555;100.699;100.851;received
delay_100;31;31;6200.479;100.723;100.835;received
delay_100;32;32;6400.466;100.139;100.748;received
delay_100;33;33;6600.197;101.611;100.856;received
delay_100;34;34;6800.428;101.114;100.888;received
delay_100;35;35;7000.077;101.468;100.961;received
delay_100;36;36;7200.155;101.300;101.003;received
delay_100;37;37;7400.436;101.398;101.052;received
delay_100;38;38;7600.212;100.842;101.026;received
delay_100;39;39;7800.246;101.108;101.036;received
delay_100;40;40;8000.311;100.822;101.009;received
delay_100;41;41;8200.443;100.901;100.996;received
delay_100;42;42;8400.347;108.907;101.985;received
delay_100;43;43;8600.343;100.833;101.841;received
delay_100;44;44;8800.184;100.681;101.696;received
delay_100;45;45;9000.534;101.067;101.617;received
delay_100;46;46;9200.675;104.976;102.037;received
delay_100;47;47;9400.521;101.172;101.929;received
delay_100;48;48;9600.512;100.680;101.773;received
delay_100;49;49;9800.256;101.022;101.679;received
delay_100;50;50;10000.226;100.966;101.590;received
jitter;1;1;200.437;148.176;148.176;received
jitter;2;2;400.310;121.804;144.880;received
jitter;3;3;600.374;149.320;145.435;received
jitter;4;4;800.534;52.779;133.853;received
jitter;5;5;1000.187;96.573;129.193;received
jitter;6;6;1200.182;57.942;120.286;received
jitter;7;7;1400.452;140.811;122.852;received
jitter;8;8;1600.136;56.754;114.590;received
jitter;9;9;1800.287;101.992;113.015;received
jitter;10;10;2000.245;101.726;111.604;received
jitter;11;11;2200.221;71.989;106.652;received
jitter;12;12;2400.227;98.077;105.580;received
jitter;13;13;2600.404;89.640;103.588;received
jitter;14;14;2800.169;89.219;101.791;received
jitter;15;15;3000.434;63.246;96.973;received
jitter;16;16;3200.507;83.183;95.250;received
jitter;17;17;3400.443;127.809;99.319;received
jitter;18;18;3600.382;103.817;99.882;received
jitter;19;19;3800.502;71.160;96.292;received
jitter;20;20;4000.546;109.763;97.975;received
jitter;21;21;4200.119;74.751;95.072;received
jitter;22;22;4400.172;83.095;93.575;received
jitter;23;23;4600.200;75.672;91.337;received
jitter;24;24;4800.167;105.217;93.072;received
jitter;25;25;5000.709;81.552;91.632;received
jitter;26;26;5200.166;68.674;88.762;received
jitter;27;27;5400.273;78.888;87.528;received
jitter;28;28;5600.172;94.085;88.348;received
jitter;29;29;5800.446;134.949;94.173;received
jitter;30;30;6000.269;127.688;98.362;received
jitter;31;31;6200.513;59.304;93.480;received
jitter;32;32;6400.350;53.957;88.540;received
jitter;33;33;6600.238;55.242;84.377;received
jitter;34;34;6800.505;87.160;84.725;received
jitter;35;35;7000.578;129.419;90.312;received
jitter;36;36;7200.520;110.191;92.797;received
jitter;37;37;7400.516;56.826;88.301;received
jitter;38;38;7600.284;120.860;92.370;received
jitter;39;39;7800.180;86.903;91.687;received
jitter;40;40;8000.791;59.228;87.630;received
jitter;41;41;8200.494;127.269;92.585;received
jitter;42;42;8400.237;77.989;90.760;received
jitter;43;43;8600.206;102.221;92.193;received
jitter;44;44;8800.278;127.139;96.561;received
jitter;45;45;9000.501;79.262;94.399;received
jitter;46;46;9200.398;76.289;92.135;received
jitter;47;47;9400.520;82.995;90.992;received
jitter;48;48;9600.194;105.678;92.828;received
jitter;49;49;9800.177;52.675;87.809;received
jitter;50;50;10000.397;92.251;88.364;received
loss_5;1;1;200.569;0.216;0.216;received
loss_5;2;2;400.497;0.104;0.202;received
loss_5;3;3;600.585;0.000;0.177;received
loss_5;4;4;800.211;0.551;0.224;received
loss_5;5;5;1000.513;0.705;0.284;received
loss_5;6;6;1200.138;0.100;0.261;received
loss_5;7;7;1400.670;0.000;0.228;received
loss_5;8;8;1600.352;0.130;0.216;received
loss_5;9;9;1800.772;0.103;0.202;received
loss_5;10;10;2000.201;0.238;0.206;received
loss_5;11;11;2200.442;2.504;0.494;received
loss_5;12;12;2400.297;0.090;0.443;received
loss_5;13;13;2600.387;0.144;0.406;received
loss_5;14;14;2800.597;0.122;0.370;received
loss_5;15;15;3000.423;0.284;0.360;received
loss_5;16;16;3200.264;0.000;0.315;received
loss_5;17;17;3436.460;0.722;0.366;received
loss_5;18;18;3600.122;0.380;0.367;received
loss_5;19;19;3800.577;0.081;0.331;received
loss_5;20;20;4000.570;;;timeout
loss_5;21;21;4200.868;0.151;0.309;received
loss_5;22;22;4400.297;0.231;0.299;received
loss_5;23;23;4600.600;0.637;0.341;received
loss_5;24;24;4800.281;0.691;0.385;received
loss_5;25;25;5000.384;0.651;0.418;received
loss_5;26;26;5200.266;0.734;0.458;received
loss_5;27;27;5400.322;0.663;0.483;received
loss_5;28;28;5600.360;0.659;0.505;received
loss_5;29;29;5800.262;0.735;0.534;received
loss_5;30;30;6000.009;0.561;0.537;received
loss_5;31;31;6200.557;0.513;0.534;received
loss_5;32;32;6400.598;0.120;0.483;received
loss_5;33;33;6600.297;7.657;1.379;received
loss_5;34;34;6800.376;0.568;1.278;received
loss_5;35;35;7000.354;0.540;1.186;received
loss_5;36;36;7200.411;0.610;1.114;received
loss_5;37;37;7400.136;0.644;1.055;received
loss_5;38;38;7600.131;0.186;0.946;received
loss_5;39;39;7800.326;0.629;0.907;received
loss_5;40;40;8000.296;;;timeout
loss_5;41;41;8200.376;0.771;0.890;received
loss_5;42;42;8400.330;2.810;1.130;received
loss_5;43;43;8600.430;0.694;1.075;received
loss_5;44;44;8800.237;0.646;1.022;received
loss_5;45;45;9000.194;0.647;0.975;received
loss_5;46;46;9200.490;0.657;0.935;received
loss_5;47;47;9400.350;0.691;0.905;received
loss_5;48;48;9600.185;0.538;0.859;received
loss_5;49;49;9800.474;0.516;0.816;received
loss_5;50;50;10000.326;1.139;0.856;received
combined;1;1;200.538;198.369;198.369;received
combined;2;2;400.483;171.665;195.031;received
combined;3;3;600.464;196.736;195.244;received
combined;4;4;800.830;102.954;183.708;received
combined;5;5;1000.476;146.523;179.060;received
combined;6;6;1200.472;107.877;170.162;received
combined;7;7;1400.263;191.054;172.774;received
combined;8;8;1600.311;106.643;164.507;received
combined;9;9;1800.312;152.050;162.950;received
combined;10;10;2000.708;151.607;161.532;received
combined;11;11;2200.425;122.096;156.603;received
combined;12;12;2400.392;148.046;155.533;received
combined;13;13;2600.522;144.018;154.094;received
combined;14;14;2800.287;138.857;152.189;received
combined;15;15;3000.252;109.892;146.902;received
combined;16;16;3200.223;132.599;145.114;received
combined;17;17;3400.422;178.403;149.275;received
combined;18;18;3600.564;153.566;149.812;received
combined;19;19;3800.521;178.870;153.444;received
combined;20;20;4004.166;;;timeout
combined;21;21;4200.558;159.555;154.208;received
combined;22;22;4400.530;124.883;150.542;received
combined;23;23;4600.307;132.862;148.332;received
combined;24;24;4800.146;125.723;145.506;received
combined;25;25;5000.665;165.269;147.976;received
combined;26;26;5200.836;128.790;145.578;received
combined;27;27;5400.354;119.201;142.281;received
combined;28;28;5600.139;129.188;140.644;received
combined;29;29;5800.111;143.721;141.029;received
combined;30;30;6000.296;188.809;147.001;received
combined;31;31;6200.371;178.417;150.928;received
combined;32;32;6400.537;108.744;145.655;received
combined;33;33;6600.753;103.747;140.417;received
combined;34;34;6800.357;104.959;135.985;received
combined;35;35;7000.215;137.871;136.220;received
combined;36;36;7200.105;178.834;141.547;received
combined;37;37;7404.572;161.850;144.085;received
combined;38;38;7600.240;106.706;139.413;received
combined;39;39;7800.304;170.816;143.338;received
combined;40;40;8000.300;;;timeout
combined;41;41;8200.165;137.064;142.554;received
combined;42;42;8400.232;108.998;138.359;received
combined;43;43;8600.414;176.654;143.146;received
combined;44;44;8800.394;127.744;141.221;received
combined;45;45;9000.287;152.219;142.596;received
combined;46;46;9200.463;176.962;146.891;received
combined;47;47;9400.100;129.188;144.679;received
combined;48;48;9600.527;126.930;142.460;received
combined;49;49;9800.197;129.902;140.890;received
combined;50;50;10000.258;156.129;142.795;received
